发行体,分类
"ABU DHABI COMMERCIAL BANK, ABU DHABI",简易分类债券
"AGRICULTURAL DEVELOPMENT BANK OF CHINA, THE, BEIJING",简易分类债券
"BARCLAYS BANK PLC (ALL U.K. OFFICES)",简易分类债券
"CCBL(Cayman)1 Corporation Limited",简易分类债券
"CDBL FUNDING 1",简易分类债券
"CHINA CINDA FINANCE (2017) I LIMITED",简易分类债券
"CSI_MTN_LIMITED",简易分类债券
"DBS Bank Ltd, Australia Branch",简易分类债券
"EMIRATES NBD BANK PJSC",简易分类债券
"EXPORT-IMPORT BANK OF CHINA, THE, BEIJING",简易分类债券
"EXPORT-IMPORT BANK OF KOREA, THE, SEOUL",简易分类债券
"FIRST ABU DHABI BANK PJSC H.O.",简易分类债券
"ICBCIL FINANCE CO. LIMITED",简易分类债券
"INDUSTRIAL BANK OF KOREA",简易分类债券
"KEB HANA BANK",简易分类债券
"KOREA DEVELOPMENT BANK, THE, SEOUL",简易分类债券
"MITSUBISHI HC CAPITAL INC",简易分类债券
"MITSUBISHI HC CAPITAL UK PLC",简易分类债券
"MIZUHO BANK, LTD",简易分类债券
"NORINCHUKIN BANK,THE,TOKYO",简易分类债券
"QNB Finance Ltd",简易分类债券
"SHINHAN BANK, SEOUL",简易分类债券
"SNB Funding Limited",简易分类债券
"SOCIETE GENERALE, PARIS",简易分类债券
"STANDARD CHARTERED BANK LONDON (ALL U.K. OFFICES)",简易分类债券
"Sumitomo Mitsui Finance and Leasing Company, Limited",简易分类债券
"WESTPAC BANKING CORPORATION",简易分类债券
"交银租赁管理香港有限公司",简易分类债券
"沙特阿拉伯王国政府",简易分类债券
"三井住友信托银行股份有限公司",简易分类债券
"中国光大银行股份有限公司卢森堡分行",简易分类债券
"中银航空租赁有限公司",简易分类债券
"法国BPCE银行",简易分类债券
"法国国民互助信贷银行",简易分类债券
"韩国政府",简易分类债券
"CCCI TREASURE LIMITED",非简易分类债券
"CHINA HUANENG GROUP CO., LTD.",非简易分类债券
"CHINA SOUTHERN POWER GRID CO., LTD",非简易分类债券
"CHINA THREE GORGES CORPORATION",非简易分类债券
"CNOOC Limited",非简易分类债券
"DENSO CORPORATION",非简易分类债券
"Haitong UT Brilliant Limited",非简易分类债券
"ITOCHU CORPORATION",非简易分类债券
"MARUBENI CORPORATION",非简易分类债券
"Mitsubishi Corporation",非简易分类债券
"MITSUI & CO.,LTD.",非简易分类债券
"ORIX CORPORATION",非简易分类债券
"SUMITOMO CORPORATION",非简易分类债券
"Suntory Holdings Limited",非简易分类债券
"TAKEDA PHARMACEUTICAL COMPANY LIMITED",非简易分类债券
